{"cameraMode":{"drawMode":0,"name":"Shaded","section":"Shading Mode"},"sceneLighting":true,"audioPlay":false,"sceneViewState":{"m_AlwaysRefresh":false,"showFog":true,"showSkybox":true,"showFlares":true,"showImageEffects":true,"showParticleSystems":true,"showVisualEffectGraphs":true,"m_FxEnabled":true},"in2DMode":false,"pivot":{"x":0.28806886076927187,"y":12.427186965942383,"z":-3.6096982955932619},"rotation":{"x":-0.5574126839637756,"y":-0.009466015733778477,"z":0.006355707999318838,"w":-0.8301588296890259},"size":15.437308311462403,"orthographic":false}